﻿<?xml version="1.0" encoding="utf-8"?>
<deployment>
  <id>6fd4432f-39bc-4e90-810b-5f26ed7774a0</id>
  <author>N/A</author>
  <deployer>Push-Deployer</deployer>
  <authorEmail>N/A</authorEmail>
  <message>Created via a push deployment</message>
  <progress></progress>
  <status>Success</status>
  <statusText></statusText>
  <lastSuccessEndTime>2026-01-01T17:07:05.190502Z</lastSuccessEndTime>
  <receivedTime>2026-01-01T17:07:00.1579259Z</receivedTime>
  <startTime>2026-01-01T17:07:01.5894545Z</startTime>
  <endTime>2026-01-01T17:07:05.190502Z</endTime>
  <complete>True</complete>
  <is_temp>False</is_temp>
  <is_readonly>True</is_readonly>
  <buildSummary />
</deployment>