﻿<?xml version="1.0" encoding="utf-8"?>
<deployment>
  <id>1cf5f442-a07d-415a-a625-460d71fe52de</id>
  <author>N/A</author>
  <deployer>OneDeploy</deployer>
  <authorEmail>N/A</authorEmail>
  <message>OneDeploy</message>
  <progress></progress>
  <status>Success</status>
  <statusText></statusText>
  <lastSuccessEndTime>2026-01-01T17:28:25.338663Z</lastSuccessEndTime>
  <receivedTime>2026-01-01T17:28:22.2453811Z</receivedTime>
  <startTime>2026-01-01T17:28:23.7831699Z</startTime>
  <endTime>2026-01-01T17:28:25.338663Z</endTime>
  <complete>True</complete>
  <is_temp>False</is_temp>
  <is_readonly>True</is_readonly>
  <buildSummary />
</deployment>