<step title="Incoming Request" date="2026-01-02T13:11:22.253" instance="37935e" url="/api/zipdeploy?isAsync=true" method="POST" type="request" pid="833,1,16" Accept="*/*" Host="mdata-web.scm.azurewebsites.net" User-Agent="AZURECLI/2.81.0 (MSI)" Accept-Encoding="gzip, deflate" Authorization="Bea..." Cache-Control="no-cache" Content-Type="application/octet-stream" Content-Length="4430531" x-ms-client-request-id="6b49d291-e7dc-11f0-8aa3-ac30bc8eda39" x-ms-artifact-checksum="cc0aadc6dc029c1e4d6379f30037f7edc428a885cb0efacea49bcd921f71e0de" X-ARR-LOG-ID="6b49d291-e7dc-11f0-8aa3-ac30bc8eda39" CLIENT-IP="223.187.63.66:13504" X-SITE-DEPLOYMENT-ID="mdata-web" WAS-DEFAULT-HOSTNAME="mdata-web.scm.azurewebsites.net" X-Forwarded-Proto="https" X-AppService-Proto="https" X-Forwarded-TlsVersion="1.3" X-WAWS-Unencoded-URL="/api/zipdeploy?isAsync=true" X-Client-IP="223.187.63.66" X-Client-Port="13504" >
  <step title="ZipPushDeploy" date="2026-01-02T13:11:23.077" >
    <step title="ZipDeploy. Extract zip. Remote build." date="2026-01-02T13:11:23.089" /><!-- duration: 6ms -->
    <step title="None repository commit" date="2026-01-02T13:11:23.105" >
      <step title="Commit id: d0177615-e5ff-4114-81b7-19c6864f3e73" date="2026-01-02T13:11:23.111" Message="N/A" AuthorName="N/A" AuthorEmail="N/A" /><!-- duration: 4ms -->
    </step><!-- duration: 14ms -->
    <step title="Starting PushDeployAsync" date="2026-01-02T13:11:23.123" /><!-- duration: 4ms -->
    <step title="Writing artifact to /tmp/zipdeploy/8210dc2b-6dbf-4049-a683-87e40ded26e8.zip" date="2026-01-02T13:11:23.152" >
      <step title="Writing multipart request body to /tmp/zipdeploy/8210dc2b-6dbf-4049-a683-87e40ded26e8.zip" date="2026-01-02T13:11:23.160" /><!-- duration: 8ms -->
    </step><!-- duration: 98929ms -->
    <step title="Start deployment in the background" date="2026-01-02T13:13:02.119" >
      <step title="Acquiring Deployment Lock" date="2026-01-02T13:13:02.184" /><!-- duration: 8ms -->
      <step title="Acquired Deployment Lock" date="2026-01-02T13:13:02.260" /><!-- duration: 4ms -->
    </step><!-- duration: 330ms -->
  </step><!-- duration: 99386ms -->
  <step title="Outgoing response" date="2026-01-02T13:13:02.501" type="response" statusCode="202" statusText="Accepted" /><!-- duration: 4ms -->
</step><!-- duration: 100255ms -->
