<step title="BackgroundTrace" date="2026-01-01T16:29:43.409" instance="37935e" url="/api/zipdeploy" method="POST" >
  <step title="Creating temporary deployment - FetchDeploymentManager" date="2026-01-01T16:29:43.495" /><!-- duration: 4ms -->
  <step title="Creating temporary deployment" date="2026-01-01T16:29:43.510" /><!-- duration: 94ms -->
  <step title="Performing fetch based deployment" date="2026-01-01T16:29:43.698" >
    <step title="Cleaning up temp folders from previous zip deployments and extracting pushed zip file /tmp/zipdeploy/2b209f40-317d-49e4-a5fb-6c7440b8ebb7.zip (1.08 MB) to /tmp/zipdeploy/extracted" date="2026-01-01T16:29:45.022" >
      <step title="ChmodRecursive Process exited with total time taken in ms: 79" date="2026-01-01T16:29:45.336" /><!-- duration: 6ms -->
    </step><!-- duration: 328ms -->
    <step title="Deployment timer started" date="2026-01-01T16:29:47.383" >
      <step title="DeploymentManager.Deploy(id:95264209-a02a-4cc1-9a2b-4528fb932894)" date="2026-01-01T16:29:47.411" >
        <step title="Collecting changeset information" date="2026-01-01T16:29:47.470" /><!-- duration: 211ms -->
        <step title="Updating submodules" date="2026-01-01T16:29:47.731" /><!-- duration: 1434ms -->
        <step title="Determining deployment builder" date="2026-01-01T16:29:49.588" >
          <step title="Specific project was specified: ." date="2026-01-01T16:29:49.628" /><!-- duration: 11ms -->
          <step title="Builder is BasicBuilder" date="2026-01-01T16:29:49.680" /><!-- duration: 28ms -->
        </step><!-- duration: 132ms -->
        <step title="PreDeployment: context.CleanOutputPath False" date="2026-01-01T16:29:49.822" >
          <step title="PreDeployment: context.OutputPath /home/site/wwwroot" date="2026-01-01T16:29:50.262" >
            <step title="Building" date="2026-01-01T16:29:50.446" >
              <step title="Executing external process" date="2026-01-01T16:29:51.731" type="process" path="starter.sh" arguments="/opt/Kudu/Scripts/parallel_rsync.sh /tmp/zipdeploy/extracted /home/site/wwwroot 8 /tmp/ False True  " /><!-- duration: 53248ms -->
              <step title="Triggering recycle (preview mode disabled)." date="2026-01-01T16:30:45.246" /><!-- duration: 12ms -->
              <step title="Modified file to trigger a restart of the app container." date="2026-01-01T16:30:45.289" /><!-- duration: 5ms -->
              <step title="Skip function trigger and logicapp sync because function is not enabled." date="2026-01-01T16:30:45.306" /><!-- duration: 13ms -->
              <step title="Purge deployment items" date="2026-01-01T16:30:46.119" >
                <step title="Remove dc1e4f81-, Failed, received at 01/01/2026 16:21:31" date="2026-01-01T16:30:46.180" /><!-- duration: 3ms -->
                <step title="Remove temp-a11a, Failed, received at 01/01/2026 16:21:25" date="2026-01-01T16:30:46.268" /><!-- duration: 4ms -->
              </step><!-- duration: 159ms -->
            </step><!-- duration: 55901ms -->
          </step><!-- duration: 56097ms -->
          <step title="Cleaning up temp files" date="2026-01-01T16:30:46.363" /><!-- duration: 6ms -->
          <step title="Cleaning up temp files" date="2026-01-01T16:30:46.373" /><!-- duration: 510ms -->
          <step title="Reloading status file with latest updates" date="2026-01-01T16:30:46.933" >
            <step title="WebHooksManager.PublishEventAsync: PostDeployment" date="2026-01-01T16:30:46.942" /><!-- duration: 165ms -->
          </step><!-- duration: 177ms -->
          <step title="Cleaning up temporary deployment - fetch deployment was successful" date="2026-01-01T16:30:47.117" /><!-- duration: 3ms -->
        </step><!-- duration: 57397ms -->
      </step><!-- duration: 59831ms -->
