<step title="Incoming Request" date="2026-01-01T16:45:46.815" instance="37935e" url="/api/zipdeploy?isAsync=true" method="POST" type="request" pid="833,1,7" Accept="*/*" Host="mdata-web.scm.azurewebsites.net" User-Agent="AZURECLI/2.81.0 (MSI)" Accept-Encoding="gzip, deflate" Authorization="Bea..." Cache-Control="no-cache" Content-Type="application/octet-stream" Content-Length="1132895" x-ms-client-request-id="3fb85908-e731-11f0-ad3d-ac30bc8eda39" x-ms-artifact-checksum="b2a21956409010a481a467bf21c22a3438086d096cb2f6836d4cf3d8341a1bc6" X-ARR-LOG-ID="3fb85908-e731-11f0-ad3d-ac30bc8eda39" CLIENT-IP="106.216.206.90:60815" X-SITE-DEPLOYMENT-ID="mdata-web" WAS-DEFAULT-HOSTNAME="mdata-web.scm.azurewebsites.net" X-Forwarded-Proto="https" X-AppService-Proto="https" X-Forwarded-TlsVersion="1.3" X-WAWS-Unencoded-URL="/api/zipdeploy?isAsync=true" X-Client-IP="106.216.206.90" X-Client-Port="60815" >
  <step title="ZipPushDeploy" date="2026-01-01T16:45:47.994" >
    <step title="ZipDeploy. Extract zip. Remote build." date="2026-01-01T16:45:48.011" /><!-- duration: 4ms -->
    <step title="None repository commit" date="2026-01-01T16:45:48.022" >
      <step title="Commit id: c381e7f1-a2db-4887-942b-a42b853838f4" date="2026-01-01T16:45:48.027" Message="N/A" AuthorName="N/A" AuthorEmail="N/A" /><!-- duration: 26ms -->
    </step><!-- duration: 36ms -->
    <step title="Starting PushDeployAsync" date="2026-01-01T16:45:48.063" /><!-- duration: 4ms -->
    <step title="Writing artifact to /tmp/zipdeploy/4d598639-5f0b-415d-9cbe-4b3f84d99def.zip" date="2026-01-01T16:45:48.092" >
      <step title="Writing multipart request body to /tmp/zipdeploy/4d598639-5f0b-415d-9cbe-4b3f84d99def.zip" date="2026-01-01T16:45:48.104" /><!-- duration: 15ms -->
    </step><!-- duration: 529ms -->
    <step title="Start deployment in the background" date="2026-01-01T16:45:48.642" >
      <step title="Acquiring Deployment Lock" date="2026-01-01T16:45:48.680" /><!-- duration: 5ms -->
      <step title="Acquired Deployment Lock" date="2026-01-01T16:45:48.726" /><!-- duration: 4ms -->
    </step><!-- duration: 188ms -->
  </step><!-- duration: 845ms -->
  <step title="Outgoing response" date="2026-01-01T16:45:48.868" type="response" statusCode="202" statusText="Accepted" /><!-- duration: 5ms -->
</step><!-- duration: 2063ms -->
