<step title="Incoming Request" date="2026-01-02T14:14:53.635" instance="37935e" url="/api/publish?type=zip&amp;clean=True" method="POST" type="request" pid="833,1,7" Accept="*/*" Host="mdata-web.scm.azurewebsites.net" User-Agent="AZURECLI/2.81.0 (DEB)" Accept-Encoding="gzip, deflate" Authorization="Bea..." Cache-Control="no-cache" Content-Type="application/octet-stream" Cookie="ARRAffinity=37935eb6fafb49a468fb68d92286356e22c8bc7a579b471826676d3dcd718252; ARRAffinitySameSite=37935eb6fafb49a468fb68d92286356e22c8bc7a579b471826676d3dcd718252" Content-Length="15136033" x-ms-client-request-id="5e5abc20-e7e5-11f0-9c97-6045bd481bba" x-ms-artifact-checksum="07e54f289cd2685a8bcd3545f8cf59d402401d15d4e0b9f342c64b93cf87b5b0" X-ARR-LOG-ID="5e5abc20-e7e5-11f0-9c97-6045bd481bba" CLIENT-IP="64.236.161.34:36873" X-SITE-DEPLOYMENT-ID="mdata-web" WAS-DEFAULT-HOSTNAME="mdata-web.scm.azurewebsites.net" X-Forwarded-Proto="https" X-AppService-Proto="https" X-Forwarded-TlsVersion="1.3" X-WAWS-Unencoded-URL="/api/publish?type=zip&amp;clean=True" X-Client-IP="64.236.161.34" X-Client-Port="36873" >
  <step title="Cleanup Xml Logs" date="2026-01-02T14:14:53.639" /><!-- duration: 8ms -->
  <step title="OneDeploy" date="2026-01-02T14:14:53.777" >
    <step title="None repository commit" date="2026-01-02T14:14:53.789" >
      <step title="Commit id: 8ef4361b-eb71-4061-8714-41647ecfb035" date="2026-01-02T14:14:53.794" Message="N/A" AuthorName="N/A" AuthorEmail="N/A" /><!-- duration: 6ms -->
    </step><!-- duration: 14ms -->
    <step title="Starting PushDeployAsync" date="2026-01-02T14:14:53.808" /><!-- duration: 4ms -->
    <step title="WEBSITE_RUN_FROM_PACKAGE is set to 1. Writing zip to SitePackagesPath" date="2026-01-02T14:14:53.826" /><!-- duration: 11ms -->
    <step title="Copying zip to SitePackages /home/data/SitePackages/20260102141453.zip from request body" date="2026-01-02T14:14:53.847" /><!-- duration: 16ms -->
    <step title="Writing multipart request body to /home/data/SitePackages/20260102141453.zip" date="2026-01-02T14:14:53.868" /><!-- duration: 14ms -->
    <step title="Attempting to fetch target branch HEAD" date="2026-01-02T14:14:56.482" /><!-- duration: 10ms -->
    <step title="Acquiring Deployment Lock" date="2026-01-02T14:14:56.497" /><!-- duration: 7ms -->
    <step title="Acquired Deployment Lock" date="2026-01-02T14:14:56.583" /><!-- duration: 7ms -->
    <step title="Performing fetch based deployment" date="2026-01-02T14:14:56.614" >
      <step title="Creating temporary deployment" date="2026-01-02T14:14:56.620" /><!-- duration: 58ms -->
      <step title="Releasing Deployment Lock" date="2026-01-02T14:14:57.851" /><!-- duration: 12ms -->
      <step title="None repository commit" date="2026-01-02T14:14:58.052" >
        <step title="Commit id: 8ef4361b-eb71-4061-8714-41647ecfb035" date="2026-01-02T14:14:58.059" Message="OneDeploy" AuthorName="N/A" AuthorEmail="N/A" /><!-- duration: 5ms -->
      </step><!-- duration: 16ms -->
      <step title="Deployment timer started" date="2026-01-02T14:15:00.084" >
        <step title="DeploymentManager.Deploy(id:8ef4361b-eb71-4061-8714-41647ecfb035)" date="2026-01-02T14:15:00.106" >
          <step title="Collecting changeset information" date="2026-01-02T14:15:00.173" /><!-- duration: 403ms -->
          <step title="Updating submodules" date="2026-01-02T14:15:00.583" /><!-- duration: 1240ms -->
          <step title="Determining deployment builder" date="2026-01-02T14:15:02.497" >
            <step title="Builder is RunFromZipSiteBuilder" date="2026-01-02T14:15:02.546" /><!-- duration: 57ms -->
          </step><!-- duration: 133ms -->
          <step title="PreDeployment: context.CleanOutputPath False" date="2026-01-02T14:15:02.800" >
            <step title="PreDeployment: context.OutputPath /home/site/wwwroot" date="2026-01-02T14:15:03.062" >
              <step title="Building" date="2026-01-02T14:15:03.205" >
                <step title="Modified file to trigger a restart of the app container." date="2026-01-02T14:15:03.764" /><!-- duration: 5ms -->
                <step title="Skip function trigger and logicapp sync because function is not enabled." date="2026-01-02T14:15:03.775" /><!-- duration: 9ms -->
                <step title="Purge deployment items" date="2026-01-02T14:15:04.895" >
                  <step title="Remove 660a268d-, Failed, received at 01/02/2026 14:08:50" date="2026-01-02T14:15:04.960" /><!-- duration: 6ms -->
                </step><!-- duration: 75ms -->
              </step><!-- duration: 1855ms -->
            </step><!-- duration: 2044ms -->
            <step title="Cleaning up temp files" date="2026-01-02T14:15:05.125" /><!-- duration: 11ms -->
            <step title="Cleaning up temp files" date="2026-01-02T14:15:05.165" /><!-- duration: 512ms -->
            <step title="Reloading status file with latest updates" date="2026-01-02T14:15:05.848" >
              <step title="WebHooksManager.PublishEventAsync: PostDeployment" date="2026-01-02T14:15:05.854" /><!-- duration: 142ms -->
            </step><!-- duration: 155ms -->
            <step title="Cleaning up temporary deployment - fetch deployment was successful" date="2026-01-02T14:15:06.010" /><!-- duration: 3ms -->
          </step><!-- duration: 3492ms -->
        </step><!-- duration: 6193ms -->
        <step title="Outgoing response" date="2026-01-02T14:15:06.311" type="response" statusCode="200" statusText="OK" /><!-- duration: 3ms -->
      </step><!-- duration: 6234ms -->
