<step title="Incoming Request" date="2026-01-02T14:08:26.806" instance="37935e" url="/api/zipdeploy?isAsync=true" method="POST" type="request" pid="833,1,24" Accept="*/*" Host="mdata-web.scm.azurewebsites.net" User-Agent="AZURECLI/2.81.0 (DEB)" Accept-Encoding="gzip, deflate" Authorization="Bea..." Cache-Control="no-cache" Content-Type="application/octet-stream" Content-Length="15136033" x-ms-client-request-id="7efc34e6-e7e4-11f0-9c97-7c1e52a06cd9" x-ms-artifact-checksum="bfd6abec32d2034549e684219ba11a6e59ce97804e71a324c74eb809bd76f0d3" X-ARR-LOG-ID="7efc34e6-e7e4-11f0-9c97-7c1e52a06cd9" CLIENT-IP="48.214.53.118:23552" X-SITE-DEPLOYMENT-ID="mdata-web" WAS-DEFAULT-HOSTNAME="mdata-web.scm.azurewebsites.net" X-Forwarded-Proto="https" X-AppService-Proto="https" X-Forwarded-TlsVersion="1.3" X-WAWS-Unencoded-URL="/api/zipdeploy?isAsync=true" X-Client-IP="48.214.53.118" X-Client-Port="23552" >
  <step title="Cleanup Xml Logs" date="2026-01-02T14:08:26.815" /><!-- duration: 20ms -->
  <step title="ZipPushDeploy" date="2026-01-02T14:08:26.848" >
    <step title="ZipDeploy. Extract zip. Remote build." date="2026-01-02T14:08:26.855" /><!-- duration: 7ms -->
    <step title="Starting PushDeployAsync" date="2026-01-02T14:08:26.867" /><!-- duration: 4ms -->
    <step title="Writing artifact to /tmp/zipdeploy/06a8f072-75f9-456a-8ea9-1dba15e6de93.zip" date="2026-01-02T14:08:26.882" >
      <step title="Writing multipart request body to /tmp/zipdeploy/06a8f072-75f9-456a-8ea9-1dba15e6de93.zip" date="2026-01-02T14:08:26.888" /><!-- duration: 4ms -->
    </step><!-- duration: 1180ms -->
    <step title="Start deployment in the background" date="2026-01-02T14:08:28.076" >
      <step title="Acquiring Deployment Lock" date="2026-01-02T14:08:28.096" /><!-- duration: 4ms -->
      <step title="Acquired Deployment Lock" date="2026-01-02T14:08:28.128" /><!-- duration: 4ms -->
    </step><!-- duration: 141ms -->
  </step><!-- duration: 1374ms -->
  <step title="Outgoing response" date="2026-01-02T14:08:28.227" type="response" statusCode="202" statusText="Accepted" /><!-- duration: 4ms -->
</step><!-- duration: 1428ms -->
