<step title="BackgroundTrace" date="2026-01-01T16:15:54.245" instance="37935e" url="/api/zipdeploy" method="POST" >
  <step title="Cleanup Xml Logs" date="2026-01-01T16:15:54.343" /><!-- duration: 51ms -->
  <step title="Creating temporary deployment - FetchDeploymentManager" date="2026-01-01T16:15:54.895" /><!-- duration: 50ms -->
  <step title="Creating temporary deployment" date="2026-01-01T16:15:55.014" /><!-- duration: 219ms -->
  <step title="Performing fetch based deployment" date="2026-01-01T16:15:55.665" >
    <step title="Cleaning up temp folders from previous zip deployments and extracting pushed zip file /tmp/zipdeploy/aaaea501-ed45-4375-9cab-fdb33e0d2177.zip (13.78 MB) to /tmp/zipdeploy/extracted" date="2026-01-01T16:15:57.164" >
      <step title="ChmodRecursive Process exited with total time taken in ms: 666" date="2026-01-01T16:16:14.067" /><!-- duration: 7ms -->
    </step><!-- duration: 16935ms -->
    <step title="Deployment timer started" date="2026-01-01T16:16:16.126" >
      <step title="DeploymentManager.Deploy(id:b8d0afdd-dda0-4ba8-925d-3fa35aa15599)" date="2026-01-01T16:16:16.136" >
        <step title="Collecting changeset information" date="2026-01-01T16:16:16.195" /><!-- duration: 92ms -->
        <step title="Updating submodules" date="2026-01-01T16:16:16.295" /><!-- duration: 1153ms -->
        <step title="Determining deployment builder" date="2026-01-01T16:16:17.723" >
          <step title="Specific project was specified: ." date="2026-01-01T16:16:17.734" /><!-- duration: 10ms -->
          <step title="Builder is BasicBuilder" date="2026-01-01T16:16:17.755" /><!-- duration: 10ms -->
        </step><!-- duration: 46ms -->
        <step title="PreDeployment: context.CleanOutputPath False" date="2026-01-01T16:16:17.817" >
          <step title="PreDeployment: context.OutputPath /home/site/wwwroot" date="2026-01-01T16:16:17.947" >
            <step title="Building" date="2026-01-01T16:16:18.226" >
              <step title="Executing external process" date="2026-01-01T16:16:18.611" type="process" path="starter.sh" arguments="/opt/Kudu/Scripts/parallel_rsync.sh /tmp/zipdeploy/extracted /home/site/wwwroot 8 /tmp/ False True  " >
                <step title="Cpu: rsync(838,0.320s)+rsync(823,0.220s)+rsync(815,0.680s)+bash(811,0.010s)+rsync(841,0.250s)+rsync(825,0.220s)+rsync(816,0.770s)+bash(812,0.010s)+rsync(842,0.270s)+rsync(826,0.200s)+rsync(819,0.690s)+bash(813,0.020s)+rsync(837,0.280s)+rsync(821,0.220s)+rsync(820,0.630s)+bash(814,0.010s)+rsync(844,0.240s)+rsync(834,0.270s)+rsync(829,0.750s)+bash(817,0.020s)+rsync(843,0.300s)+rsync(827,0.280s)+rsync(822,0.690s)+bash(818,0.000s)+rsync(839,0.230s)+rsync(832,0.250s)+rsync(830,0.660s)+bash(824,0.010s)+rsync(840,0.290s)+rsync(833,0.290s)+rsync(831,0.600s)+bash(828,0.000s)+xargs(810,0.010s)+parallel_rsync.sh(801,0.040s)=total(9.720s)" date="2026-01-01T16:17:21.815" /><!-- duration: 40ms -->
                <step title="starter.sh: no io activity for 60s, prev-cpu=-1.000s, current-cpu=9.720s" date="2026-01-01T16:17:21.929" /><!-- duration: 68ms -->
                <step title="Cpu: rsync(838,0.570s)+rsync(823,0.220s)+rsync(815,0.860s)+bash(811,0.010s)+rsync(841,0.500s)+rsync(825,0.220s)+rsync(816,0.820s)+bash(812,0.010s)+rsync(842,0.520s)+rsync(826,0.200s)+rsync(819,0.730s)+bash(813,0.020s)+rsync(837,0.500s)+rsync(821,0.220s)+rsync(820,0.700s)+bash(814,0.010s)+rsync(844,0.470s)+rsync(834,0.270s)+rsync(829,0.830s)+bash(817,0.020s)+rsync(843,0.570s)+rsync(827,0.280s)+rsync(822,0.730s)+bash(818,0.000s)+rsync(839,0.470s)+rsync(832,0.250s)+rsync(830,0.660s)+bash(824,0.010s)+rsync(840,0.560s)+rsync(833,0.290s)+rsync(831,0.610s)+bash(828,0.000s)+xargs(810,0.010s)+parallel_rsync.sh(801,0.040s)=total(12.180s)" date="2026-01-01T16:18:22.487" /><!-- duration: 29ms -->
                <step title="starter.sh: no io activity for 122s, prev-cpu=9.720s, current-cpu=12.180s" date="2026-01-01T16:18:22.550" /><!-- duration: 26ms -->
                <step title="Cpu: rsync(838,0.820s)+rsync(823,0.220s)+rsync(815,0.910s)+bash(811,0.010s)+rsync(841,0.800s)+rsync(825,0.220s)+rsync(816,0.940s)+bash(812,0.010s)+rsync(842,0.760s)+rsync(826,0.200s)+rsync(819,0.800s)+bash(813,0.020s)+rsync(837,0.710s)+rsync(821,0.220s)+rsync(820,0.750s)+bash(814,0.010s)+rsync(844,0.720s)+rsync(834,0.270s)+rsync(829,0.890s)+bash(817,0.020s)+rsync(843,0.800s)+rsync(827,0.280s)+rsync(822,0.790s)+bash(818,0.000s)+rsync(839,0.690s)+rsync(832,0.250s)+rsync(830,0.700s)+bash(824,0.010s)+rsync(840,0.780s)+rsync(833,0.290s)+rsync(831,0.630s)+bash(828,0.000s)+xargs(810,0.010s)+parallel_rsync.sh(801,0.040s)=total(14.570s)" date="2026-01-01T16:19:22.720" /><!-- duration: 29ms -->
                <step title="starter.sh: no io activity for 182s, prev-cpu=12.180s, current-cpu=14.570s" date="2026-01-01T16:19:22.790" /><!-- duration: 38ms -->
              </step><!-- duration: 232285ms -->
              <step title="Triggering recycle (preview mode disabled)." date="2026-01-01T16:20:11.343" /><!-- duration: 6ms -->
              <step title="Modified file to trigger a restart of the app container." date="2026-01-01T16:20:11.390" /><!-- duration: 4ms -->
              <step title="Skip function trigger and logicapp sync because function is not enabled." date="2026-01-01T16:20:11.413" /><!-- duration: 9ms -->
            </step><!-- duration: 233964ms -->
          </step><!-- duration: 234261ms -->
          <step title="Cleaning up temp files" date="2026-01-01T16:20:12.213" /><!-- duration: 18ms -->
          <step title="Cleaning up temp files" date="2026-01-01T16:20:12.234" /><!-- duration: 516ms -->
          <step title="Reloading status file with latest updates" date="2026-01-01T16:20:12.791" >
            <step title="WebHooksManager.PublishEventAsync: PostDeployment" date="2026-01-01T16:20:12.797" /><!-- duration: 111ms -->
          </step><!-- duration: 120ms -->
          <step title="Cleaning up temporary deployment - fetch deployment was successful" date="2026-01-01T16:20:12.920" /><!-- duration: 4ms -->
        </step><!-- duration: 235192ms -->
      </step><!-- duration: 236903ms -->
