<step title="Incoming Request" date="2026-01-01T16:29:42.319" instance="37935e" url="/api/zipdeploy?isAsync=true" method="POST" type="request" pid="832,1,7" Accept="*/*" Host="mdata-web.scm.azurewebsites.net" User-Agent="AZURECLI/2.81.0 (MSI)" Accept-Encoding="gzip, deflate" Authorization="Bea..." Cache-Control="no-cache" Content-Type="application/octet-stream" Content-Length="1132895" x-ms-client-request-id="fb5b5328-e72e-11f0-8e82-ac30bc8eda39" x-ms-artifact-checksum="b2a21956409010a481a467bf21c22a3438086d096cb2f6836d4cf3d8341a1bc6" X-ARR-LOG-ID="fb5b5328-e72e-11f0-8e82-ac30bc8eda39" CLIENT-IP="106.216.206.90:58447" X-SITE-DEPLOYMENT-ID="mdata-web" WAS-DEFAULT-HOSTNAME="mdata-web.scm.azurewebsites.net" X-Forwarded-Proto="https" X-AppService-Proto="https" X-Forwarded-TlsVersion="1.3" X-WAWS-Unencoded-URL="/api/zipdeploy?isAsync=true" X-Client-IP="106.216.206.90" X-Client-Port="58447" >
  <step title="ZipPushDeploy" date="2026-01-01T16:29:43.141" >
    <step title="ZipDeploy. Extract zip." date="2026-01-01T16:29:43.152" /><!-- duration: 5ms -->
    <step title="None repository commit" date="2026-01-01T16:29:43.165" >
      <step title="Commit id: 95264209-a02a-4cc1-9a2b-4528fb932894" date="2026-01-01T16:29:43.169" Message="N/A" AuthorName="N/A" AuthorEmail="N/A" /><!-- duration: 4ms -->
    </step><!-- duration: 14ms -->
    <step title="Starting PushDeployAsync" date="2026-01-01T16:29:43.183" /><!-- duration: 5ms -->
    <step title="Writing artifact to /tmp/zipdeploy/2b209f40-317d-49e4-a5fb-6c7440b8ebb7.zip" date="2026-01-01T16:29:43.214" >
      <step title="Writing multipart request body to /tmp/zipdeploy/2b209f40-317d-49e4-a5fb-6c7440b8ebb7.zip" date="2026-01-01T16:29:43.220" /><!-- duration: 9ms -->
    </step><!-- duration: 167ms -->
    <step title="Start deployment in the background" date="2026-01-01T16:29:43.400" >
      <step title="Acquiring Deployment Lock" date="2026-01-01T16:29:43.430" /><!-- duration: 10ms -->
      <step title="Acquired Deployment Lock" date="2026-01-01T16:29:43.484" /><!-- duration: 6ms -->
    </step><!-- duration: 209ms -->
  </step><!-- duration: 476ms -->
  <step title="Outgoing response" date="2026-01-01T16:29:43.645" type="response" statusCode="202" statusText="Accepted" /><!-- duration: 13ms -->
</step><!-- duration: 1345ms -->
