<step title="Incoming Request" date="2026-01-01T16:15:50.144" instance="37935e" url="/api/zipdeploy?isAsync=true" method="POST" type="request" pid="770,1,5" Accept="*/*" Host="mdata-web.scm.azurewebsites.net" User-Agent="AZURECLI/2.81.0 (MSI)" Accept-Encoding="gzip, deflate" Authorization="Bea..." Cache-Control="no-cache" Content-Type="application/octet-stream" Content-Length="14454359" x-ms-client-request-id="842f0f63-e72c-11f0-b759-ac30bc8eda39" x-ms-artifact-checksum="aa48d99acd60f5e4ab6f29048d61a09b80ee4691b977774268067dde80b92f58" X-ARR-LOG-ID="842f0f63-e72c-11f0-b759-ac30bc8eda39" CLIENT-IP="106.216.206.90:59241" X-SITE-DEPLOYMENT-ID="mdata-web" WAS-DEFAULT-HOSTNAME="mdata-web.scm.azurewebsites.net" X-Forwarded-Proto="https" X-AppService-Proto="https" X-Forwarded-TlsVersion="1.3" X-WAWS-Unencoded-URL="/api/zipdeploy?isAsync=true" X-Client-IP="106.216.206.90" X-Client-Port="59241" >
  <step title="ZipPushDeploy" date="2026-01-01T16:15:51.030" >
    <step title="ZipDeploy. Extract zip." date="2026-01-01T16:15:51.040" /><!-- duration: 5ms -->
    <step title="None repository commit" date="2026-01-01T16:15:51.054" >
      <step title="Commit id: b8d0afdd-dda0-4ba8-925d-3fa35aa15599" date="2026-01-01T16:15:51.059" Message="N/A" AuthorName="N/A" AuthorEmail="N/A" /><!-- duration: 4ms -->
    </step><!-- duration: 14ms -->
    <step title="Starting PushDeployAsync" date="2026-01-01T16:15:51.073" /><!-- duration: 5ms -->
    <step title="Writing artifact to /tmp/zipdeploy/aaaea501-ed45-4375-9cab-fdb33e0d2177.zip" date="2026-01-01T16:15:51.101" >
      <step title="Writing multipart request body to /tmp/zipdeploy/aaaea501-ed45-4375-9cab-fdb33e0d2177.zip" date="2026-01-01T16:15:51.107" /><!-- duration: 8ms -->
    </step><!-- duration: 2876ms -->
    <step title="Start deployment in the background" date="2026-01-01T16:15:54.203" >
      <step title="Acquiring Deployment Lock" date="2026-01-01T16:15:54.492" /><!-- duration: 30ms -->
      <step title="Acquired Deployment Lock" date="2026-01-01T16:15:54.816" /><!-- duration: 20ms -->
    </step><!-- duration: 1067ms -->
  </step><!-- duration: 4320ms -->
  <step title="Outgoing response" date="2026-01-01T16:15:55.480" type="response" statusCode="202" statusText="Accepted" /><!-- duration: 19ms -->
</step><!-- duration: 5376ms -->
