<step title="Incoming Request" date="2026-01-01T17:27:53.510" instance="37935e" url="/api/publish?type=zip" method="POST" type="request" pid="833,1,24" Accept="*/*" Host="mdata-web.scm.azurewebsites.net" User-Agent="AZURECLI/2.81.0 (MSI)" Accept-Encoding="gzip, deflate" Authorization="Bea..." Cache-Control="no-cache" Content-Type="application/octet-stream" Cookie="ARRAffinity=37935eb6fafb49a468fb68d92286356e22c8bc7a579b471826676d3dcd718252; ARRAffinitySameSite=37935eb6fafb49a468fb68d92286356e22c8bc7a579b471826676d3dcd718252" Content-Length="14487923" x-ms-client-request-id="2b20bcf7-e737-11f0-9bf1-ac30bc8eda39" x-ms-artifact-checksum="e70a118da687ac5ecbfcede431931ac9bc00fc879ba5d5e640e0547f15dbe6e1" X-ARR-LOG-ID="2b20bcf7-e737-11f0-9bf1-ac30bc8eda39" CLIENT-IP="106.216.206.90:59691" X-SITE-DEPLOYMENT-ID="mdata-web" WAS-DEFAULT-HOSTNAME="mdata-web.scm.azurewebsites.net" X-Forwarded-Proto="https" X-AppService-Proto="https" X-Forwarded-TlsVersion="1.3" X-WAWS-Unencoded-URL="/api/publish?type=zip" X-Client-IP="106.216.206.90" X-Client-Port="59691" >
  <step title="OneDeploy" date="2026-01-01T17:27:54.247" >
    <step title="Starting PushDeployAsync" date="2026-01-01T17:27:54.328" /><!-- duration: 105ms -->
    <step title="WEBSITE_RUN_FROM_PACKAGE is set to 1. Writing zip to SitePackagesPath" date="2026-01-01T17:27:54.569" /><!-- duration: 46ms -->
    <step title="Copying zip to SitePackages /home/data/SitePackages/20260101172754.zip from request body" date="2026-01-01T17:27:54.664" /><!-- duration: 20ms -->
    <step title="Writing multipart request body to /home/data/SitePackages/20260101172754.zip" date="2026-01-01T17:27:54.714" /><!-- duration: 50ms -->
    <step title="Attempting to fetch target branch HEAD" date="2026-01-01T17:28:18.282" /><!-- duration: 22ms -->
    <step title="Acquiring Deployment Lock" date="2026-01-01T17:28:18.312" /><!-- duration: 11ms -->
    <step title="Acquired Deployment Lock" date="2026-01-01T17:28:18.352" /><!-- duration: 4ms -->
    <step title="Performing fetch based deployment" date="2026-01-01T17:28:18.365" >
      <step title="Creating temporary deployment" date="2026-01-01T17:28:18.370" /><!-- duration: 80ms -->
      <step title="Releasing Deployment Lock" date="2026-01-01T17:28:19.678" /><!-- duration: 7ms -->
      <step title="None repository commit" date="2026-01-01T17:28:19.952" >
        <step title="Commit id: 1cf5f442-a07d-415a-a625-460d71fe52de" date="2026-01-01T17:28:19.957" Message="OneDeploy" AuthorName="N/A" AuthorEmail="N/A" /><!-- duration: 4ms -->
      </step><!-- duration: 12ms -->
      <step title="Deployment timer started" date="2026-01-01T17:28:21.984" >
        <step title="DeploymentManager.Deploy(id:1cf5f442-a07d-415a-a625-460d71fe52de)" date="2026-01-01T17:28:22.016" >
          <step title="Collecting changeset information" date="2026-01-01T17:28:22.124" /><!-- duration: 183ms -->
          <step title="Updating submodules" date="2026-01-01T17:28:22.313" /><!-- duration: 1150ms -->
          <step title="Determining deployment builder" date="2026-01-01T17:28:23.870" >
            <step title="Builder is RunFromZipSiteBuilder" date="2026-01-01T17:28:23.881" /><!-- duration: 4ms -->
          </step><!-- duration: 20ms -->
          <step title="PreDeployment: context.CleanOutputPath False" date="2026-01-01T17:28:23.946" >
            <step title="PreDeployment: context.OutputPath /home/site/wwwroot" date="2026-01-01T17:28:24.087" >
              <step title="Building" date="2026-01-01T17:28:24.257" >
                <step title="Modified file to trigger a restart of the app container." date="2026-01-01T17:28:24.738" /><!-- duration: 6ms -->
                <step title="Skip function trigger and logicapp sync because function is not enabled." date="2026-01-01T17:28:24.751" /><!-- duration: 5ms -->
              </step><!-- duration: 1653ms -->
            </step><!-- duration: 1837ms -->
            <step title="Cleaning up temp files" date="2026-01-01T17:28:25.929" /><!-- duration: 4ms -->
            <step title="Cleaning up temp files" date="2026-01-01T17:28:25.942" /><!-- duration: 508ms -->
            <step title="Reloading status file with latest updates" date="2026-01-01T17:28:26.478" >
              <step title="WebHooksManager.PublishEventAsync: PostDeployment" date="2026-01-01T17:28:26.483" /><!-- duration: 28ms -->
            </step><!-- duration: 37ms -->
            <step title="Cleaning up temporary deployment - fetch deployment was successful" date="2026-01-01T17:28:26.522" /><!-- duration: 8ms -->
          </step><!-- duration: 2682ms -->
        </step><!-- duration: 4620ms -->
        <step title="Outgoing response" date="2026-01-01T17:28:26.645" type="response" statusCode="200" statusText="OK" /><!-- duration: 6ms -->
      </step><!-- duration: 4670ms -->
