<step title="Incoming Request" date="2026-01-02T14:06:02.841" instance="37935e" url="/api/publish?async=true&amp;deployer=GITHUB_ONE_DEPLOY&amp;type=zip&amp;message=%7B%22type%22%3A%22deployment%22%2C%22sha%22%3A%22bcb23af661b2364fdb39d216d67baacd2f04e782%22%2C%22repoName%22%3A%22Rahul-14507%2FMData%22%2C%22actor%22%3A%22Rahul-14507%22%2C%22slotName%22%3A%22production%22%2C%22commitMessage%22%3A%22Use%20Azure%20CLI%20login%22%7D" method="POST" type="request" pid="833,1,41" Host="mdata-web.scm.azurewebsites.net" User-Agent="GITHUBACTIONS_DeployWebAppToAzure_3a05a2f39c5f32c0d55ee8ab2a4fddf89406cfa2767c345f986cd7d9c429ebec" Authorization="Bea..." Content-Type="application/octet-stream" Cookie="ARRAffinity=37935eb6fafb49a468fb68d92286356e22c8bc7a579b471826676d3dcd718252;Path=/;HttpOnly;Secure;Domain=mdata-web.scm.azurewebsites.net; ARRAffinitySameSite=37935eb6fafb49a468fb68d92286356e22c8bc7a579b471826676d3dcd718252;Path=/;HttpOnly;SameSite=None;Secure;Domain=mdata-web.scm.azurewebsites.net" Transfer-Encoding="chunked" X-ARR-LOG-ID="3638ab35-d950-4520-b1ab-78a7580869f4" CLIENT-IP="64.236.141.192:39937" X-SITE-DEPLOYMENT-ID="mdata-web" WAS-DEFAULT-HOSTNAME="mdata-web.scm.azurewebsites.net" X-Forwarded-Proto="https" X-AppService-Proto="https" X-Forwarded-TlsVersion="1.3" X-WAWS-Unencoded-URL="/api/publish?async=true&amp;deployer=GITHUB_ONE_DEPLOY&amp;type=zip&amp;message=%7B%22type%22%3A%22deployment%22%2C%22sha%22%3A%22bcb23af661b2364fdb39d216d67baacd2f04e782%22%2C%22repoName%22%3A%22Rahul-14507%2FMData%22%2C%22actor%22%3A%22Rahul-14507%22%2C%22slotName%22%3A%22production%22%2C%22commitMessage%22%3A%22Use%20Azure%20CLI%20login%22%7D" X-Client-IP="64.236.141.192" X-Client-Port="39937" >
  <step title="Cleanup Xml Logs" date="2026-01-02T14:06:02.859" /><!-- duration: 30ms -->
  <step title="OneDeploy" date="2026-01-02T14:06:02.986" >
    <step title="Starting PushDeployAsync" date="2026-01-02T14:06:03.008" /><!-- duration: 10ms -->
    <step title="Writing artifact to /tmp/zipdeploy/a9b38631-b1ac-44ac-ae1b-1c7ec76508bc.zip" date="2026-01-02T14:06:03.063" >
      <step title="Writing multipart request body to /tmp/zipdeploy/a9b38631-b1ac-44ac-ae1b-1c7ec76508bc.zip" date="2026-01-02T14:06:03.075" /><!-- duration: 20ms -->
    </step><!-- duration: 2557ms -->
    <step title="Start deployment in the background" date="2026-01-02T14:06:05.717" >
      <step title="Acquiring Deployment Lock" date="2026-01-02T14:06:05.796" /><!-- duration: 31ms -->
      <step title="Acquired Deployment Lock" date="2026-01-02T14:06:05.998" /><!-- duration: 12ms -->
    </step><!-- duration: 422ms -->
  </step><!-- duration: 3164ms -->
  <step title="Outgoing response" date="2026-01-02T14:06:06.179" type="response" statusCode="202" statusText="Accepted" /><!-- duration: 12ms -->
</step><!-- duration: 3359ms -->
