<step title="BackgroundTrace" date="2026-01-01T16:21:24.894" instance="37935e" url="/api/zipdeploy" method="POST" >
  <step title="Cleanup Xml Logs" date="2026-01-01T16:21:24.975" /><!-- duration: 69ms -->
  <step title="Creating temporary deployment - FetchDeploymentManager" date="2026-01-01T16:21:25.605" /><!-- duration: 64ms -->
  <step title="Creating temporary deployment" date="2026-01-01T16:21:25.689" /><!-- duration: 405ms -->
  <step title="Performing fetch based deployment" date="2026-01-01T16:21:26.519" >
    <step title="Cleaning up temp folders from previous zip deployments and extracting pushed zip file /tmp/zipdeploy/e7160d5d-5103-4ecc-ac22-f4e7c8bddee0.zip (1.08 MB) to /tmp/zipdeploy/extracted" date="2026-01-01T16:21:28.222" >
      <step title="ChmodRecursive Process exited with total time taken in ms: 302" date="2026-01-01T16:21:28.797" /><!-- duration: 11ms -->
    </step><!-- duration: 605ms -->
    <step title="Deployment timer started" date="2026-01-01T16:21:30.885" >
      <step title="DeploymentManager.Deploy(id:dc1e4f81-aed5-464d-b2d1-623ca754acf0)" date="2026-01-01T16:21:30.925" >
        <step title="Collecting changeset information" date="2026-01-01T16:21:31.062" /><!-- duration: 368ms -->
        <step title="Updating submodules" date="2026-01-01T16:21:31.470" /><!-- duration: 1330ms -->
        <step title="Determining deployment builder" date="2026-01-01T16:21:33.372" >
          <step title="Specific project was specified: ." date="2026-01-01T16:21:33.413" /><!-- duration: 21ms -->
          <step title="Builder is BasicBuilder" date="2026-01-01T16:21:33.601" /><!-- duration: 41ms -->
        </step><!-- duration: 297ms -->
        <step title="PreDeployment: context.CleanOutputPath False" date="2026-01-01T16:21:34.024" >
          <step title="PreDeployment: context.OutputPath /home/site/wwwroot" date="2026-01-01T16:21:34.879" >
            <step title="Building" date="2026-01-01T16:21:35.775" >
              <step title="Executing external process" date="2026-01-01T16:21:36.755" type="process" path="starter.sh" arguments="/opt/Kudu/Scripts/parallel_rsync.sh /tmp/zipdeploy/extracted /home/site/wwwroot 8 /tmp/ False True  " 