<step title="Incoming Request" date="2026-01-02T14:04:21.736" instance="37935e" url="/api/publish?async=true&amp;deployer=GITHUB_ONE_DEPLOY&amp;type=zip&amp;message=%7B%22type%22%3A%22deployment%22%2C%22sha%22%3A%22bcb23af661b2364fdb39d216d67baacd2f04e782%22%2C%22repoName%22%3A%22Rahul-14507%2FMData%22%2C%22actor%22%3A%22Rahul-14507%22%2C%22slotName%22%3A%22production%22%2C%22commitMessage%22%3A%22Use%20Azure%20CLI%20login%22%7D" method="POST" type="request" pid="833,1,35" Host="mdata-web.scm.azurewebsites.net" User-Agent="GITHUBACTIONS_DeployWebAppToAzure_3a05a2f39c5f32c0d55ee8ab2a4fddf89406cfa2767c345f986cd7d9c429ebec" Authorization="Bea..." Content-Type="application/octet-stream" Cookie="ARRAffinity=37935eb6fafb49a468fb68d92286356e22c8bc7a579b471826676d3dcd718252;Path=/;HttpOnly;Secure;Domain=mdata-web.scm.azurewebsites.net; ARRAffinitySameSite=37935eb6fafb49a468fb68d92286356e22c8bc7a579b471826676d3dcd718252;Path=/;HttpOnly;SameSite=None;Secure;Domain=mdata-web.scm.azurewebsites.net" Transfer-Encoding="chunked" X-ARR-LOG-ID="ba4e2182-08a3-40f0-adfd-3bd0b73b9415" CLIENT-IP="48.217.140.226:17345" X-SITE-DEPLOYMENT-ID="mdata-web" WAS-DEFAULT-HOSTNAME="mdata-web.scm.azurewebsites.net" X-Forwarded-Proto="https" X-AppService-Proto="https" X-Forwarded-TlsVersion="1.3" X-WAWS-Unencoded-URL="/api/publish?async=true&amp;deployer=GITHUB_ONE_DEPLOY&amp;type=zip&amp;message=%7B%22type%22%3A%22deployment%22%2C%22sha%22%3A%22bcb23af661b2364fdb39d216d67baacd2f04e782%22%2C%22repoName%22%3A%22Rahul-14507%2FMData%22%2C%22actor%22%3A%22Rahul-14507%22%2C%22slotName%22%3A%22production%22%2C%22commitMessage%22%3A%22Use%20Azure%20CLI%20login%22%7D" X-Client-IP="48.217.140.226" X-Client-Port="17345" >
  <step title="Cleanup Xml Logs" date="2026-01-02T14:04:21.751" /><!-- duration: 8ms -->
  <step title="OneDeploy" date="2026-01-02T14:04:21.862" >
    <step title="Starting PushDeployAsync" date="2026-01-02T14:04:21.874" /><!-- duration: 4ms -->
    <step title="Writing artifact to /tmp/zipdeploy/43e673ba-eac3-44f3-bd64-8a35cbc9b8a3.zip" date="2026-01-02T14:04:21.889" >
      <step title="Writing multipart request body to /tmp/zipdeploy/43e673ba-eac3-44f3-bd64-8a35cbc9b8a3.zip" date="2026-01-02T14:04:21.899" /><!-- duration: 27ms -->
    </step><!-- duration: 1232ms -->
    <step title="Start deployment in the background" date="2026-01-02T14:04:23.155" >
      <step title="Acquiring Deployment Lock" date="2026-01-02T14:04:23.190" /><!-- duration: 7ms -->
      <step title="Acquired Deployment Lock" date="2026-01-02T14:04:23.223" /><!-- duration: 4ms -->
    </step><!-- duration: 224ms -->
  </step><!-- duration: 1549ms -->
  <step title="Outgoing response" date="2026-01-02T14:04:23.431" type="response" statusCode="202" statusText="Accepted" /><!-- duration: 8ms -->
</step><!-- duration: 1708ms -->
