<step title="BackgroundTrace" date="2026-01-01T17:06:55.234" instance="37935e" url="/api/zipdeploy" method="POST" >
  <step title="Cleanup Xml Logs" date="2026-01-01T17:06:55.243" /><!-- duration: 10ms -->
  <step title="Creating temporary deployment - FetchDeploymentManager" date="2026-01-01T17:06:55.380" /><!-- duration: 4ms -->
  <step title="Creating temporary deployment" date="2026-01-01T17:06:55.390" /><!-- duration: 67ms -->
  <step title="Performing fetch based deployment" date="2026-01-01T17:06:55.570" >
    <step title="Deployment timer started" date="2026-01-01T17:07:00.000" >
      <step title="DeploymentManager.Deploy(id:6fd4432f-39bc-4e90-810b-5f26ed7774a0)" date="2026-01-01T17:07:00.032" >
        <step title="Collecting changeset information" date="2026-01-01T17:07:00.117" /><!-- duration: 110ms -->
        <step title="Updating submodules" date="2026-01-01T17:07:00.235" /><!-- duration: 1169ms -->
        <step title="Determining deployment builder" date="2026-01-01T17:07:01.661" >
          <step title="Builder is RunFromZipSiteBuilder" date="2026-01-01T17:07:01.688" /><!-- duration: 5ms -->
        </step><!-- duration: 65ms -->
        <step title="PreDeployment: context.CleanOutputPath False" date="2026-01-01T17:07:01.867" >
          <step title="PreDeployment: context.OutputPath /home/site/wwwroot" date="2026-01-01T17:07:02.168" >
            <step title="Building" date="2026-01-01T17:07:02.437" >
              <step title="Triggering recycle (preview mode disabled)." date="2026-01-01T17:07:03.403" /><!-- duration: 49ms -->
              <step title="Modified file to trigger a restart of the app container." date="2026-01-01T17:07:03.618" /><!-- duration: 50ms -->
              <step title="Skip function trigger and logicapp sync because function is not enabled." date="2026-01-01T17:07:03.697" /><!-- duration: 39ms -->
              <step title="Purge deployment items" date="2026-01-01T17:07:05.909" >
                <step title="Remove c381e7f1-, Failed, received at 01/01/2026 16:45:52" date="2026-01-01T17:07:05.975" /><!-- duration: 4ms -->
              </step><!-- duration: 75ms -->
            </step><!-- duration: 3621ms -->
          </step><!-- duration: 3901ms -->
          <step title="Cleaning up temp files" date="2026-01-01T17:07:06.073" /><!-- duration: 6ms -->
          <step title="Cleaning up temp files" date="2026-01-01T17:07:06.088" /><!-- duration: 510ms -->
          <step title="Reloading status file with latest updates" date="2026-01-01T17:07:06.650" >
            <step title="WebHooksManager.PublishEventAsync: PostDeployment" date="2026-01-01T17:07:06.656" /><!-- duration: 91ms -->
          </step><!-- duration: 101ms -->
          <step title="Cleaning up temporary deployment - fetch deployment was successful" date="2026-01-01T17:07:06.759" /><!-- duration: 6ms -->
        </step><!-- duration: 5056ms -->
      </step><!-- duration: 6992ms -->
