<step title="Incoming Request" date="2026-01-01T17:06:42.853" instance="37935e" url="/api/zipdeploy?isAsync=true" method="POST" type="request" pid="833,1,15" Accept="*/*" Host="mdata-web.scm.azurewebsites.net" User-Agent="AZURECLI/2.81.0 (MSI)" Accept-Encoding="gzip, deflate" Authorization="Bea..." Cache-Control="no-cache" Content-Type="application/octet-stream" Content-Length="14487741" x-ms-client-request-id="3a152637-e734-11f0-9aad-ac30bc8eda39" x-ms-artifact-checksum="80b5adffcc0b51290704c1c71f74fa96aeaac510ff872fbd6198a8c3fabbd81b" X-ARR-LOG-ID="3a152637-e734-11f0-9aad-ac30bc8eda39" CLIENT-IP="106.216.206.90:50772" X-SITE-DEPLOYMENT-ID="mdata-web" WAS-DEFAULT-HOSTNAME="mdata-web.scm.azurewebsites.net" X-Forwarded-Proto="https" X-AppService-Proto="https" X-Forwarded-TlsVersion="1.3" X-WAWS-Unencoded-URL="/api/zipdeploy?isAsync=true" X-Client-IP="106.216.206.90" X-Client-Port="50772" >
  <step title="ZipPushDeploy" date="2026-01-01T17:06:43.961" >
    <step title="ZipDeploy. Run from package. Ignore remote build." date="2026-01-01T17:06:43.977" /><!-- duration: 5ms -->
    <step title="None repository commit" date="2026-01-01T17:06:43.994" >
      <step title="Commit id: 6fd4432f-39bc-4e90-810b-5f26ed7774a0" date="2026-01-01T17:06:43.999" Message="N/A" AuthorName="N/A" AuthorEmail="N/A" /><!-- duration: 4ms -->
    </step><!-- duration: 15ms -->
    <step title="Starting PushDeployAsync" date="2026-01-01T17:06:44.013" /><!-- duration: 4ms -->
    <step title="WEBSITE_RUN_FROM_PACKAGE is set to 1. Writing zip to SitePackagesPath" date="2026-01-01T17:06:44.039" /><!-- duration: 10ms -->
    <step title="Copying zip to SitePackages /home/data/SitePackages/20260101170643.zip from request body" date="2026-01-01T17:06:44.073" /><!-- duration: 5ms -->
    <step title="Writing multipart request body to /home/data/SitePackages/20260101170643.zip" date="2026-01-01T17:06:44.083" /><!-- duration: 7ms -->
    <step title="Start deployment in the background" date="2026-01-01T17:06:55.225" >
      <step title="Acquiring Deployment Lock" date="2026-01-01T17:06:55.265" /><!-- duration: 61ms -->
      <step title="Acquired Deployment Lock" date="2026-01-01T17:06:55.372" /><!-- duration: 4ms -->
    </step><!-- duration: 238ms -->
  </step><!-- duration: 11509ms -->
  <step title="Outgoing response" date="2026-01-01T17:06:55.499" type="response" statusCode="202" statusText="Accepted" /><!-- duration: 6ms -->
</step><!-- duration: 12657ms -->
