<step title="Incoming Request" date="2026-01-01T16:21:20.897" instance="37935e" url="/api/zipdeploy?isAsync=true" method="POST" type="request" pid="770,1,5" Accept="*/*" Host="mdata-web.scm.azurewebsites.net" User-Agent="AZURECLI/2.81.0 (MSI)" Accept-Encoding="gzip, deflate" Authorization="Bea..." Cache-Control="no-cache" Content-Type="application/octet-stream" Content-Length="1132895" x-ms-client-request-id="c679f6e0-e72d-11f0-952a-ac30bc8eda39" x-ms-artifact-checksum="b2a21956409010a481a467bf21c22a3438086d096cb2f6836d4cf3d8341a1bc6" X-ARR-LOG-ID="c679f6e0-e72d-11f0-952a-ac30bc8eda39" CLIENT-IP="106.216.206.90:55845" X-SITE-DEPLOYMENT-ID="mdata-web" WAS-DEFAULT-HOSTNAME="mdata-web.scm.azurewebsites.net" X-Forwarded-Proto="https" X-AppService-Proto="https" X-Forwarded-TlsVersion="1.3" X-WAWS-Unencoded-URL="/api/zipdeploy?isAsync=true" X-Client-IP="106.216.206.90" X-Client-Port="55845" >
  <step title="ZipPushDeploy" date="2026-01-01T16:21:23.719" >
    <step title="ZipDeploy. Extract zip." date="2026-01-01T16:21:23.798" /><!-- duration: 32ms -->
    <step title="None repository commit" date="2026-01-01T16:21:23.911" >
      <step title="Commit id: dc1e4f81-aed5-464d-b2d1-623ca754acf0" date="2026-01-01T16:21:23.949" Message="N/A" AuthorName="N/A" AuthorEmail="N/A" /><!-- duration: 29ms -->
    </step><!-- duration: 79ms -->
    <step title="Starting PushDeployAsync" date="2026-01-01T16:21:24.008" /><!-- duration: 19ms -->
    <step title="Writing artifact to /tmp/zipdeploy/e7160d5d-5103-4ecc-ac22-f4e7c8bddee0.zip" date="2026-01-01T16:21:24.139" >
      <step title="Writing multipart request body to /tmp/zipdeploy/e7160d5d-5103-4ecc-ac22-f4e7c8bddee0.zip" date="2026-01-01T16:21:24.168" /><!-- duration: 38ms -->
    </step><!-- duration: 587ms -->
    <step title="Start deployment in the background" date="2026-01-01T16:21:24.855" >
      <step title="Acquiring Deployment Lock" date="2026-01-01T16:21:25.064" /><!-- duration: 164ms -->
      <step title="Acquired Deployment Lock" date="2026-01-01T16:21:25.466" /><!-- duration: 32ms -->
    </step><!-- duration: 1288ms -->
  </step><!-- duration: 2492ms -->
  <step title="Outgoing response" date="2026-01-01T16:21:26.369" type="response" statusCode="202" statusText="Accepted" /><!-- duration: 11ms -->
</step><!-- duration: 5503ms -->
