﻿<?xml version="1.0" encoding="utf-8"?>
<deployment>
  <id>b8d0afdd-dda0-4ba8-925d-3fa35aa15599</id>
  <author>N/A</author>
  <deployer>Push-Deployer</deployer>
  <authorEmail>N/A</authorEmail>
  <message>Created via a push deployment</message>
  <progress></progress>
  <status>Success</status>
  <statusText></statusText>
  <lastSuccessEndTime>2026-01-01T16:20:11.8422733Z</lastSuccessEndTime>
  <receivedTime>2026-01-01T16:16:16.2274857Z</receivedTime>
  <startTime>2026-01-01T16:16:17.6373845Z</startTime>
  <endTime>2026-01-01T16:20:11.8422733Z</endTime>
  <complete>True</complete>
  <is_temp>False</is_temp>
  <is_readonly>True</is_readonly>
  <buildSummary />
</deployment>