﻿<?xml version="1.0" encoding="utf-8"?>
<deployment>
  <id>8ef4361b-eb71-4061-8714-41647ecfb035</id>
  <author>N/A</author>
  <deployer>OneDeploy</deployer>
  <authorEmail>N/A</authorEmail>
  <message>OneDeploy</message>
  <progress></progress>
  <status>Success</status>
  <statusText></statusText>
  <lastSuccessEndTime>2026-01-02T14:15:04.3705231Z</lastSuccessEndTime>
  <receivedTime>2026-01-02T14:15:00.2947089Z</receivedTime>
  <startTime>2026-01-02T14:15:02.3279478Z</startTime>
  <endTime>2026-01-02T14:15:04.3705231Z</endTime>
  <complete>True</complete>
  <is_temp>False</is_temp>
  <is_readonly>True</is_readonly>
  <buildSummary />
</deployment>