﻿<?xml version="1.0" encoding="utf-8"?>
<deployment>
  <id>95264209-a02a-4cc1-9a2b-4528fb932894</id>
  <author>N/A</author>
  <deployer>Push-Deployer</deployer>
  <authorEmail>N/A</authorEmail>
  <message>Created via a push deployment</message>
  <progress></progress>
  <status>Success</status>
  <statusText></statusText>
  <lastSuccessEndTime>2026-01-01T16:30:45.7297296Z</lastSuccessEndTime>
  <receivedTime>2026-01-01T16:29:47.5598599Z</receivedTime>
  <startTime>2026-01-01T16:29:49.4897892Z</startTime>
  <endTime>2026-01-01T16:30:45.7297296Z</endTime>
  <complete>True</complete>
  <is_temp>False</is_temp>
  <is_readonly>True</is_readonly>
  <buildSummary />
</deployment>